Following,Followers
inforsamengabdi,asnann.09
asnann.09,iwan_082
_zhraauliaa,_zhraauliaa
zahraurellya,pecah.rasa_smd
myusrilap,zahraurellya
infation,myusrilap
zahraurellya,pecah.rasa_smd
myusrilap,zahraurellya
infation,myusrilap
dikaphoto_digital,keyvararuby
putut.pw,choiynjunn
onealorenn,mhmmdraihan784
dikaphoto_digital,keyvararuby
putut.pw,choiynjunn
onealorenn,mhmmdraihan784
ghaniimp,ocellyn._
kammiunmul,seccooqn_
bempoltekkesktm,2secc.count
ghaniimp,ocellyn._
kammiunmul,seccooqn_
bempoltekkesktm,2secc.count
ptrry.sfrinna,fagmnanisa
tiaranabilar,kreditanmurah
bemfebunmul,mhmmddradhika
ptrry.sfrinna,fagmnanisa
tiaranabilar,kreditanmurah
bemfebunmul,mhmmddradhika
bemfisipunmul,dn.shopp23
bemfhunmul,fiirenz
bemfkipunmul,eycrio
bemfisipunmul,dn.shopp23
bemfhunmul,fiirenz
bemfkipunmul,eycrio
rndrar_,fachri.218
hndrzaidannn_,ariantonius2023
feriaa.nchytii_,weswayaheeeee
rndrar_,fachri.218
hndrzaidannn_,ariantonius2023
feriaa.nchytii_,weswayaheeeee
dapuridang,ayudyaan35
egalathifah,hijabku_koba
hsclub,kaylsky_
dapuridang,ayudyaan35
egalathifah,hijabku_koba
hsclub,kaylsky_
alfifzrn,agil_ajak
moreno.yudhaa20,muhammadnzwr
sawun_g,irwann.4
alfifzrn,agil_ajak
moreno.yudhaa20,muhammadnzwr
sawun_g,irwann.4
tempodotco,dmsdsptra
_faros26,dimasbayuadiputra_
rezasptrraaaa_,sy.faazh
tempodotco,dmsdsptra
_faros26,dimasbayuadiputra_
rezasptrraaaa_,sy.faazh
beauborealis,zaleee.__
riniwulan_dari_,anggunarman
odzan_faudzan,dikaphoto_digital
beauborealis,zaleee.__
riniwulan_dari_,anggunarman
odzan_faudzan,dikaphoto_digital
wfebryani,onealorenn
sirdarlen,ghaniimp
tigereerrs,kky_ajayaa
wfebryani,onealorenn
sirdarlen,ghaniimp
tigereerrs,kky_ajayaa
aqiyahzh,ptrry.sfrinna
ecinos.id,tiaranabilar
bayuprnmji_,rndrar_
aqiyahzh,ptrry.sfrinna
ecinos.id,tiaranabilar
bayuprnmji_,rndrar_
aadllee,hndrzaidannn_
hmtiunmul,feriaa.nchytii_
innayaara_,egalathifah
aadllee,hndrzaidannn_
hmtiunmul,feriaa.nchytii_
innayaara_,egalathifah
by.circlet,alfifzrn
arya__yudistiraa,sawun_g
athalasyahnabil,moreno.yudhaa20
by.circlet,alfifzrn
arya__yudistiraa,sawun_g
athalasyahnabil,moreno.yudhaa20
sshafariz,_faros26
dndprln,beauborealis
fauziaint,riniwulan_dari_
sshafariz,_faros26
dndprln,beauborealis
fauziaint,riniwulan_dari_
fraanklyynn,odzan_faudzan
abizarh10,wfebryani
rvnadiya_,sirdarlen
fraanklyynn,odzan_faudzan
abizarh10,wfebryani
rvnadiya_,sirdarlen
kikhayyy_,tigereerrs
lee_heen1,aqiyahzh
ojjjjan,bayuprnmji_
kikhayyy_,tigereerrs
lee_heen1,aqiyahzh
ojjjjan,bayuprnmji_
mulawarmanpioneer,aadllee
donutmoo.id,innayaara_
atan_fz,arya__yudistiraa
mulawarmanpioneer,aadllee
donutmoo.id,innayaara_
atan_fz,arya__yudistiraa
aidhil_saputraa,athalasyahnabil
fhmanaulia,sshafariz
ahmadsepriza_,dndprln
aidhil_saputraa,athalasyahnabil
fhmanaulia,sshafariz
ahmadsepriza_,dndprln
dimssy__,fauziaint
onyourm__aipa,fraanklyynn
chesarrio_554,rvnadiya_
dimssy__,fauziaint
onyourm__aipa,fraanklyynn
chesarrio_554,rvnadiya_
_fy.tri06,abizarh10
nblimtyz,kikhayyy_
mstpa07,lee_heen1
_fy.tri06,abizarh10
nblimtyz,kikhayyy_
mstpa07,lee_heen1
sayidathaya,ojjjjan
dnycdr_k,atan_fz
rizkyfb._,aidhil_saputraa
sayidathaya,ojjjjan
dnycdr_k,atan_fz
rizkyfb._,aidhil_saputraa
hario.setyadi,fhmanaulia
samverique,ahmadsepriza_
himeeesa,dimssy__
hario.setyadi,fhmanaulia
samverique,ahmadsepriza_
himeeesa,dimssy__
hnayaa10,onyourm__aipa
qomarul.ahmad,chesarrio_554
yrzelsya,nblimtyz
hnayaa10,onyourm__aipa
qomarul.ahmad,chesarrio_554
yrzelsya,nblimtyz
novandrarsptra,_fy.tri06
_.khairinada,mstpa07
fthntz.znaa,sayidathaya
novandrarsptra,_fy.tri06
_.khairinada,mstpa07
fthntz.znaa,sayidathaya
alief.a_,hario.setyadi
aputrik_,dnycdr_k
catchmeupco,rizkyfb._
alief.a_,hario.setyadi
aputrik_,dnycdr_k
catchmeupco,rizkyfb._
packagefromvenus,samverique
nipay.y,himeeesa
suryaphonegroup,hnayaa10
packagefromvenus,samverique
nipay.y,himeeesa
suryaphonegroup,hnayaa10
gensaisme2,qomarul.ahmad
pickme_smd,novandrarsptra
awgrakha,naufalfahrozi
gensaisme2,qomarul.ahmad
pickme_smd,novandrarsptra
awgrakha,naufalfahrozi
putri.fadhilh,_.khairinada
haanindyeah,fthntz.znaa
chlsyaditya,alief.a_
putri.fadhilh,_.khairinada
haanindyeah,fthntz.znaa
chlsyaditya,alief.a_
wear.nomi,aputrik_
marveile.id,nipay.y
angeliacristinn,gensaisme2
wear.nomi,aputrik_
marveile.id,nipay.y
angeliacristinn,gensaisme2
naylacamellia,yrzelsya
smatic_unj,putri.fadhilh
yezkyy,awgrakha
naylacamellia,yrzelsya
smatic_unj,putri.fadhilh
yezkyy,awgrakha
tk_ittihadsamarinda,haanindyeah
studioprewedd.smd,chlsyaditya
hmte_unmul,angeliacristinn
tk_ittihadsamarinda,haanindyeah
studioprewedd.smd,chlsyaditya
hmte_unmul,angeliacristinn
himarsi_unmul,naylacamellia
hmts_unmul,yezkyy
praktisi.unmul,studioprewedd.smd
himarsi_unmul,naylacamellia
hmts_unmul,yezkyy
praktisi.unmul,studioprewedd.smd
cassavarisnack,dinnutr_
teknoevent,abricya_
dinnutr_,aurha.rn31
cassavarisnack,dinnutr_
teknoevent,abricya_
dinnutr_,aurha.rn31
bemkm_unmul,naillansf
abricya_,anndfrs
aurha.rn31,najwa_caesa
bemkm_unmul,naillansf
abricya_,anndfrs
aurha.rn31,najwa_caesa
naillansf,doremmiifaa
anndfrs,nabilwayn
viviz_official,shfwanf._
naillansf,doremmiifaa
anndfrs,nabilwayn
viviz_official,shfwanf._
periplusid,nzwa_ann
najwa_caesa,iswnd95_
folkative,rikadanggr
periplusid,nzwa_ann
najwa_caesa,iswnd95_
folkative,rikadanggr
doremmiifaa,_nurhidayahayadihrun
nabilwayn,aji.wiraa
shfwanf._,taufik.hddyt
doremmiifaa,_nurhidayahayadihrun
nabilwayn,aji.wiraa
shfwanf._,taufik.hddyt
nzwa_ann,arc.alfhd
rikadanggr,mhmd__fahrzy
_nurhidayahayadihrun,aditia.chi
nzwa_ann,arc.alfhd
rikadanggr,mhmd__fahrzy
_nurhidayahayadihrun,aditia.chi
aji.wiraa,eggybrillian
taufik.hddyt,nunox_servis
aufahapsarii,1rfan.hakimm
aji.wiraa,eggybrillian
taufik.hddyt,nunox_servis
aufahapsarii,1rfan.hakimm
arc.alfhd,wildaazizah_
bachips.co,fitriy19_
dbl_samarinda,nesthsaa
arc.alfhd,wildaazizah_
bachips.co,fitriy19_
dbl_samarinda,nesthsaa
novoclub.id,nazwatalisyaa
mahirmengemudi_samarinda,fadhilllak
mhmd__fahrzy,mhmdnurfadilah_
novoclub.id,nazwatalisyaa
mahirmengemudi_samarinda,fadhilllak
mhmd__fahrzy,mhmdnurfadilah_
inforsa_fellas,mhdalpiann
aditia.chi,aufahapsarii
eggybrillian,noviansftr
inforsa_fellas,mhdalpiann
aditia.chi,aufahapsarii
eggybrillian,noviansftr
nunox_servis,__namiraaa
1rfan.hakimm,zakifr_
mubesinforsa,kartikasariamalia
nunox_servis,__namiraaa
1rfan.hakimm,zakifr_
mubesinforsa,kartikasariamalia
historeofficial_,azkaazizra
tarot.si24,juveentia
wildaazizah_,nurulvta
historeofficial_,azkaazizra
tarot.si24,juveentia
wildaazizah_,nurulvta
classmeet.id,allyyaana
fitriy19_,arstyav
nesthsaa,dera_kayla
classmeet.id,allyyaana
fitriy19_,arstyav
nesthsaa,dera_kayla
nazwatalisyaa,avnpingky
fadhilllak,alisyanisrinaa
mhdalpiann,imeldptrii_
nazwatalisyaa,avnpingky
fadhilllak,alisyanisrinaa
mhdalpiann,imeldptrii_
mhmdnurfadilah_,hafidsopie
noviansftr,lsnfrthiloya
__namiraaa,irnmiraaj13
mhmdnurfadilah_,hafidsopie
noviansftr,lsnfrthiloya
__namiraaa,irnmiraaj13
zakifr_,ftur.0
juveentia,davinaizz
nurulvta,ilyassetya_
zakifr_,ftur.0
juveentia,davinaizz
nurulvta,ilyassetya_
allyyaana,bumantara.studioo
arstyav,farizzyy
alisyanisrinaa,rfdapp
allyyaana,bumantara.studioo
arstyav,farizzyy
alisyanisrinaa,rfdapp
imeldptrii_,srndity
kartikasariamalia,tiootimoo
avnpingky,zky_rmd
imeldptrii_,srndity
kartikasariamalia,tiootimoo
avnpingky,zky_rmd
hafidsopie,maygggg_
azkaazizra,_yosikarinda
dera_kayla,_novianaramadhani
hafidsopie,maygggg_
azkaazizra,_yosikarinda
dera_kayla,_novianaramadhani
lsnfrthiloya,ysminaalya
irnmiraaj13,muadzmdhni
ftur.0,mslmnrwhd
lsnfrthiloya,ysminaalya
irnmiraaj13,muadzmdhni
ftur.0,mslmnrwhd
davinaizz,maulidarhmwt
ilyassetya_,rsyysaaa_
bumantara.studioo,esrasisegar
davinaizz,maulidarhmwt
ilyassetya_,rsyysaaa_
bumantara.studioo,esrasisegar
farizzyy,shintya_fadiraa
rfdapp,fariz_harald
srndity,araaajenn
farizzyy,shintya_fadiraa
rfdapp,fariz_harald
srndity,araaajenn
tiootimoo,d.melisa._
zky_rmd,eightsannn
maygggg_,arinitrirahayuu
tiootimoo,d.melisa._
zky_rmd,eightsannn
maygggg_,arinitrirahayuu
_yosikarinda,noviauliaaaaaa
_novianaramadhani,mmiraa.ndaa
ysminaalya,audyyaes
_yosikarinda,noviauliaaaaaa
_novianaramadhani,mmiraa.ndaa
ysminaalya,audyyaes
insevent2024,unionoflogic23
muadzmdhni,indhds__
marchenbooks,daffezra
insevent2024,unionoflogic23
muadzmdhni,indhds__
marchenbooks,daffezra
maulidarhmwt,aidlmrza
kky_ajayaa,inforsa.store
rsyysaaa_,fjarsra
maulidarhmwt,aidlmrza
kky_ajayaa,inforsa.store
rsyysaaa_,fjarsra
esrasisegar,ramdhanixx
shintya_fadiraa,areyfaldo
araaajenn,aplikasi2023_mysql
esrasisegar,ramdhanixx
shintya_fadiraa,areyfaldo
araaajenn,aplikasi2023_mysql
fariz_harald,septiya_anni
d.melisa._,aanitares
jacksonian63,girls_only_acc2
fariz_harald,septiya_anni
d.melisa._,aanitares
jacksonian63,girls_only_acc2
eightsannn,nzhna2
arinitrirahayuu,cic1.jpg
mmiraa.ndaa,alyaarizqi
eightsannn,nzhna2
arinitrirahayuu,cic1.jpg
mmiraa.ndaa,alyaarizqi
noviauliaaaaaa,dheaamalyaa
audyyaes,novanrffff
unionoflogic23,nnaylaputri
noviauliaaaaaa,dheaamalyaa
audyyaes,novanrffff
unionoflogic23,nnaylaputri
indhds__,dmsabyham_
aplikasi.2025,nunohadianto_
mirdaamw,1_am.noel
indhds__,dmsabyham_
aplikasi.2025,nunohadianto_
mirdaamw,1_am.noel
f10washere,akhynfqhar
inforsa.store,chandrarezki7
daffezra,stephengabesamosir
f10washere,akhynfqhar
inforsa.store,chandrarezki7
daffezra,stephengabesamosir
aidlmrza,ziamaulanamk
nrandyta_,bungasadiyah41
ramdhanixx,_ptriamalia
aidlmrza,ziamaulanamk
nrandyta_,bungasadiyah41
ramdhanixx,_ptriamalia
areyfaldo,vianiind
fjarsra,reginachyaa
aplikasi2023_mysql,nayla.znlta
areyfaldo,vianiind
fjarsra,reginachyaa
aplikasi2023_mysql,nayla.znlta
septiya_anni,maurynagil
aanitares,alyaashiie
ivocadou,nnidzra
septiya_anni,maurynagil
aanitares,alyaashiie
ivocadou,nnidzra
perpustakaan_unmul,unmul_story
adityaayunovitasari,mhmmdfslannf_
nzhna2,salsabllanr_
perpustakaan_unmul,unmul_story
adityaayunovitasari,mhmmdfslannf_
nzhna2,salsabllanr_
buketsnacksamarinda,jacksonian63
girls_only_acc2,nbi_laa18
cic1.jpg,aliphfrd
buketsnacksamarinda,jacksonian63
girls_only_acc2,nbi_laa18
cic1.jpg,aliphfrd
alyaarizqi,myyyboozzz
dheaamalyaa,lisaananda.rd
nnaylaputri,laham_arf
alyaarizqi,myyyboozzz
dheaamalyaa,lisaananda.rd
nnaylaputri,laham_arf
novanrffff,mirdaamw
fteknik.unmul,afrilazahra
bungasadiyah41,_ahmdnrfaiz
novanrffff,mirdaamw
fteknik.unmul,afrilazahra
bungasadiyah41,_ahmdnrfaiz
nunohadianto_,alyssaamuliaa
stephengabesamosir,oktaviagraace
1_am.noel,nely11_
nunohadianto_,alyssaamuliaa
stephengabesamosir,oktaviagraace
1_am.noel,nely11_
chandrarezki7,errmdny__
ziamaulanamk,farfaalaa
dmsabyham_,j.fthkhnr
chandrarezki7,errmdny__
ziamaulanamk,farfaalaa
dmsabyham_,j.fthkhnr
akhynfqhar,trisnaa.d_
_ptriamalia,lindyhelena
vianiind,athiraafm
akhynfqhar,trisnaa.d_
_ptriamalia,lindyhelena
vianiind,athiraafm
nayla.znlta,bvngaillahi
reginachyaa,ardznata
maurynagil,mhmmdhsym_
nayla.znlta,bvngaillahi
reginachyaa,ardznata
maurynagil,mhmmdhsym_
alyaashiie,nahrezznn
nnidzra,rzaldptra
sketsaunmul,daffinpradiza_
alyaashiie,nahrezznn
nnidzra,rzaldptra
sketsaunmul,daffinpradiza_
myyyboozzz,hannaaasya
_praygi,zahwa.af
aliphfrd,pjnnaizie
myyyboozzz,hannaaasya
_praygi,zahwa.af
aliphfrd,pjnnaizie
nbi_laa18,putriysnra_
laham_arf,shlazhalea
mhmmdfslannf_,vebb91
nbi_laa18,putriysnra_
laham_arf,shlazhalea
mhmmdfslannf_,vebb91
salsabllanr_,f10washere
afrilazahra,ariffaturr__
_ahmdnrfaiz,blessing.jelita
salsabllanr_,f10washere
afrilazahra,ariffaturr__
_ahmdnrfaiz,blessing.jelita
alyssaamuliaa,ikzannopardi05
oktaviagraace,cecelldengen
nely11_,gitaafrd_
alyssaamuliaa,ikzannopardi05
oktaviagraace,cecelldengen
nely11_,gitaafrd_
farfaalaa,ingggritt
errmdny__,feniraaaa_
j.fthkhnr,bibestoreu
farfaalaa,ingggritt
errmdny__,feniraaaa_
j.fthkhnr,bibestoreu
trisnaa.d_,mdntee
lindyhelena,mhmmdazmy
athiraafm,sleepcoy
trisnaa.d_,mdntee
lindyhelena,mhmmdazmy
athiraafm,sleepcoy
bemftunmul,amandaclra_
gearftunmul.2024,nhovikania
bvngaillahi,andromeda.bramanda.7
bemftunmul,amandaclra_
gearftunmul.2024,nhovikania
bvngaillahi,andromeda.bramanda.7
ardznata,saidfarid__
mhmmdhsym_,bibeyiee
nahrezznn,nrniftahul.j
ardznata,saidfarid__
mhmmdhsym_,bibeyiee
nahrezznn,nrniftahul.j
rzaldptra,najwaasc
taylorswift,fachri.44
daffinpradiza_,desi_aqilh
rzaldptra,najwaasc
taylorswift,fachri.44
daffinpradiza_,desi_aqilh
hannaaasya,ariiiippppp
zahwa.af,adithyasudana
pjnnaizie,rrzzqyf
hannaaasya,ariiiippppp
zahwa.af,adithyasudana
pjnnaizie,rrzzqyf
putriysnra_,adithiiyaa
shlazhalea,khaiqalhadi
vebb91,ecadyth
putriysnra_,adithiiyaa
shlazhalea,khaiqalhadi
vebb91,ecadyth
ariffaturr__,erykaapriyani
blessing.jelita,vidyakhansamzn
mamonte__,lunatasyaaa
ariffaturr__,erykaapriyani
blessing.jelita,vidyakhansamzn
mamonte__,lunatasyaaa
ikzannopardi05,fahrizadnrta
cecelldengen,dirayakiii
gitaafrd_,dhrmstwn
ikzannopardi05,fahrizadnrta
cecelldengen,dirayakiii
gitaafrd_,dhrmstwn
ingggritt,kalylamayonee
feniraaaa_,ramadaniandika20035
inforsa_unmul,sucinvtsr_
ingggritt,kalylamayonee
feniraaaa_,ramadaniandika20035
inforsa_unmul,sucinvtsr_
bibestoreu,amandamlnaff_
nadyas.fashop,dgoldaa
mdntee,thsm_alyn
bibestoreu,amandamlnaff_
nadyas.fashop,dgoldaa
mdntee,thsm_alyn
unmul,nadivaeffendy
mabaunmul2025,meliasfitri_
smagapatpets,ghinanraaa_
unmul,nadivaeffendy
mabaunmul2025,meliasfitri_
smagapatpets,ghinanraaa_
mhmmdazmy,anggarasyifaulmn
sleepcoy,sntyyanr_
amandaclra_,pojoksmaga
mhmmdazmy,anggarasyifaulmn
sleepcoy,sntyyanr_
amandaclra_,pojoksmaga
nhovikania,riiskaptriii
kaltimfolks,olararaa
andromeda.bramanda.7,cilaa_ptr
nhovikania,riiskaptriii
kaltimfolks,olararaa
andromeda.bramanda.7,cilaa_ptr
bonagabee,helwina.ptr
saidfarid__,fikakbaree
bibeyiee,nabiwaa._
bonagabee,helwina.ptr
saidfarid__,fikakbaree
bibeyiee,nabiwaa._
nrniftahul.j,rynfkn.re
najwaasc,rev.linaaa
lesprivatkimiaaulia,tereshaagst
nrniftahul.j,rynfkn.re
najwaasc,rev.linaaa
lesprivatkimiaaulia,tereshaagst
fachri.44,greyx015
desi_aqilh,syfltnoura
ariiiippppp,afia_dvaa
fachri.44,greyx015
desi_aqilh,syfltnoura
ariiiippppp,afia_dvaa
adithyasudana,salssarifa
rrzzqyf,meilhdwn
adithiiyaa,hauramumtza
adithyasudana,salssarifa
rrzzqyf,meilhdwn
adithiiyaa,hauramumtza
khaiqalhadi,ittnann
ecadyth,nbila_slsabilaa
erykaapriyani,alqibtiaa
khaiqalhadi,ittnann
ecadyth,nbila_slsabilaa
erykaapriyani,alqibtiaa
vidyakhansamzn,rskaariss
lunatasyaaa,nuurmis__
fahrizadnrta,ekarasyaaa
vidyakhansamzn,rskaariss
lunatasyaaa,nuurmis__
fahrizadnrta,ekarasyaaa
dirayakiii,dj_yoga_
dhrmstwn,mauraazra
sucinvtsr_,fidaslwi
dirayakiii,dj_yoga_
dhrmstwn,mauraazra
sucinvtsr_,fidaslwi
undip.official,alikanrss_
kalylamayonee,alidranidan
ramadaniandika20035,nnsrfnptr
undip.official,alikanrss_
kalylamayonee,alidranidan
ramadaniandika20035,nnsrfnptr
dgoldaa,ahmdzaiiii
thsm_alyn,ppatimm._
riiskaptriii,rayya_maulidya
dgoldaa,ahmdzaiiii
thsm_alyn,ppatimm._
riiskaptriii,rayya_maulidya
sntyyanr_,ghaitsza2
ghinanraaa_,muthiaulianaa
meliasfitri_,_rradiv
sntyyanr_,ghaitsza2
ghinanraaa_,muthiaulianaa
meliasfitri_,_rradiv
nadivaeffendy,cywluu
anggarasyifaulmn,dzakwai
olararaa,zaidansadid
nadivaeffendy,cywluu
anggarasyifaulmn,dzakwai
olararaa,zaidansadid
cilaa_ptr,farisahnabilaaa
helwina.ptr,dyaashnn
smagalafest_,defhnda
cilaa_ptr,farisahnabilaaa
helwina.ptr,dyaashnn
smagalafest_,defhnda
fikakbaree,rezelpradigta_
alqibtiaa,omalgiii
nabiwaa._,amandasrswti
fikakbaree,rezelpradigta_
alqibtiaa,omalgiii
nabiwaa._,amandasrswti
rev.linaaa,yrgdn_
rynfkn.re,mhmmddinor
fikiramadanii,nopalnichol
rev.linaaa,yrgdn_
rynfkn.re,mhmmddinor
fikiramadanii,nopalnichol
tereshaagst,reyhanaow
greyx015,unggulpradana_
chicken_bite,intanuraini._
tereshaagst,reyhanaow
greyx015,unggulpradana_
chicken_bite,intanuraini._
kiranaazhl._,callmouw
syfltnoura,mka.alvino
afia_dvaa,ratihwdya24
kiranaazhl._,callmouw
syfltnoura,mka.alvino
afia_dvaa,ratihwdya24
edulabsamarinda.id,ahmfajri_
salssarifa,rzqqkautsar
meilhdwn,auliansalsbla
edulabsamarinda.id,ahmfajri_
salssarifa,rzqqkautsar
meilhdwn,auliansalsbla
hauramumtza,fainayana
ittnann,dinawidyasss
nbila_slsabilaa,asyaanr_._
hauramumtza,fainayana
ittnann,dinawidyasss
nbila_slsabilaa,asyaanr_._
muthiaulianaa,sadiyacantika
nuurmis__,melianalsti
rskaariss,harlan.lan15
muthiaulianaa,sadiyacantika
nuurmis__,melianalsti
rskaariss,harlan.lan15
ghaitsza2,jurgenzft
ekarasyaaa,blessiasalindeho
dj_yoga_,ristar.24
ghaitsza2,jurgenzft
ekarasyaaa,blessiasalindeho
dj_yoga_,ristar.24
mauraazra,kaindrasachio_
fidaslwi,viqry_al.7
alikanrss_,raissarptrsy
mauraazra,kaindrasachio_
fidaslwi,viqry_al.7
alikanrss_,raissarptrsy
alidranidan,nisawvv
rayya_maulidya,divaafrn
ppatimm._,faazkiaa
alidranidan,nisawvv
rayya_maulidya,divaafrn
ppatimm._,faazkiaa
nnsrfnptr,zarina.azwa
ahmdzaiiii,nabilaaauliaaa__
mapiastore.id,adepujaabdlg_
nnsrfnptr,zarina.azwa
ahmdzaiiii,nabilaaauliaaa__
mapiastore.id,adepujaabdlg_
_rradiv,aliyahazs
dzakwai,destisftri07
zaidansadid,ryan_nhyz
_rradiv,aliyahazs
dzakwai,destisftri07
zaidansadid,ryan_nhyz
taichangorengshinta,darmadianingsih
farisahnabilaaa,muhammd_aldy1
dyaashnn,ridhojnrzky
taichangorengshinta,darmadianingsih
farisahnabilaaa,muhammd_aldy1
dyaashnn,ridhojnrzky
defhnda,myogifh_
rezelpradigta_,raizakurnia
ramadaniandika2003,22.ch_
defhnda,myogifh_
rezelpradigta_,raizakurnia
ramadaniandika2003,22.ch_
omalgiii,vedrasuryanaaaa
amandasrswti,michellenathlya
somethingsweeet_cake,s.n.irfan
omalgiii,vedrasuryanaaaa
amandasrswti,michellenathlya
somethingsweeet_cake,s.n.irfan
yrgdn_,hafizdaffa_
mhmmddinor,roi__wijaya
nopalnichol,thriftsamarinda01
yrgdn_,hafizdaffa_
mhmmddinor,roi__wijaya
nopalnichol,thriftsamarinda01
reyhanaow,fitaa.a_
unggulpradana_,sarahemor
hndriansyh29_,j1lly__
reyhanaow,fitaa.a_
unggulpradana_,sarahemor
hndriansyh29_,j1lly__
intanuraini._,angelmening
callmouw,maissyanbl
mka.alvino,tsia.nv
intanuraini._,angelmening
callmouw,maissyanbl
mka.alvino,tsia.nv
ratihwdya24,jessica.chwr
ahmfajri_,rdn.indraaaa_
fainayana,nabilaaprr_
ratihwdya24,jessica.chwr
ahmfajri_,rdn.indraaaa_
fainayana,nabilaaprr_
auliansalsbla,haikalalifa
dinawidyasss,dzaky.a.t
rzqqkautsar,araaanrw
auliansalsbla,haikalalifa
dinawidyasss,dzaky.a.t
rzqqkautsar,araaanrw
asyaanr_._,edulabsamarinda.id
melianalsti,periplus.monkeyforest
sadiyacantika,glenfico
asyaanr_._,edulabsamarinda.id
melianalsti,periplus.monkeyforest
sadiyacantika,glenfico
to.you.smaga,_fryxt
harlan.lan15,azrraa._
jurgenzft,sandrinanur_
to.you.smaga,_fryxt
harlan.lan15,azrraa._
jurgenzft,sandrinanur_
blessiasalindeho,dhia.atthallah
devosindustry,seslmell_
lexxyproject,narendrals
blessiasalindeho,dhia.atthallah
devosindustry,seslmell_
lexxyproject,narendrals
ristar.24,sesiliaal_
pojoksmaga,sndynraulia
mikalilaff,mhrnla_
ristar.24,sesiliaal_
pojoksmaga,sndynraulia
mikalilaff,mhrnla_
kaindrasachio_,alfsyhrii_
kabarsamarinda_official,fadilsiraj_
viqry_al.7,mka_alvino
kaindrasachio_,alfsyhrii_
kabarsamarinda_official,fadilsiraj_
viqry_al.7,mka_alvino
jeniuscompetition,indraprtma._
raissarptrsy,rurunsabla
nisawvv,yovierfhtaa
jeniuscompetition,indraprtma._
raissarptrsy,rurunsabla
nisawvv,yovierfhtaa
divaafrn,daffinrmdhn23
faazkiaa,adeliajfie
_kiikiyy,frstnra_
divaafrn,daffinrmdhn23
faazkiaa,adeliajfie
_kiikiyy,frstnra_
zarina.azwa,anugrah_wibowo112
nabilaaauliaaa__,snianrftri_
aminyusuf,dhi.az
zarina.azwa,anugrah_wibowo112
nabilaaauliaaa__,snianrftri_
aminyusuf,dhi.az
adepujaabdlg_,alghozalizaa_
sultanabdulwarishh,muammarzf
aliyahazs,galangfariz_
adepujaabdlg_,alghozalizaa_
sultanabdulwarishh,muammarzf
aliyahazs,galangfariz_
destisftri07,divsya.a
ultras_smaga,elynjayanti
darmadianingsih,imeldaarizkyptrii
destisftri07,divsya.a
ultras_smaga,elynjayanti
darmadianingsih,imeldaarizkyptrii
muhammd_aldy1,mhd.gilang
ridhojnrzky,selaolvia.pcy
myogifh_,devianisaoktvn28_
muhammd_aldy1,mhd.gilang
ridhojnrzky,selaolvia.pcy
myogifh_,devianisaoktvn28_
raizakurnia,ayina_22
22.ch_,zaskyias
mutiaftmh__,ohh_agim
raizakurnia,ayina_22
22.ch_,zaskyias
mutiaftmh__,ohh_agim
vedrasuryanaaaa,mohgg69
michellenathlya,berryramadia
s.n.irfan,pinasusantii
vedrasuryanaaaa,mohgg69
michellenathlya,berryramadia
s.n.irfan,pinasusantii
hafizdaffa_,mktaa_
thriftsamarinda01,alyaarzky
fitaa.a_,bellamlila
hafizdaffa_,mktaa_
thriftsamarinda01,alyaarzky
fitaa.a_,bellamlila
sarahemor,nadllaaptri
angelmening,marchiown
maissyanbl,fauziayusrina
sarahemor,nadllaaptri
angelmening,marchiown
maissyanbl,fauziayusrina
tsia.nv,angelika.knh
jessica.chwr,mzainprasetyo
rdn.indraaaa_,p.na0609
tsia.nv,angelika.knh
jessica.chwr,mzainprasetyo
rdn.indraaaa_,p.na0609
nabilaaprr_,nndyarmdhni
j1lly__,mahesssyah
haikalalifa,_auliyaputri0
nabilaaprr_,nndyarmdhni
j1lly__,mahesssyah
haikalalifa,_auliyaputri0
dzaky.a.t,ktaviazh
araaanrw,muhammad_andep
glenfico,xdiiyyy
dzaky.a.t,ktaviazh
araaanrw,muhammad_andep
glenfico,xdiiyyy
_fryxt,putra.ppm
azrraa._,ihzaa__a
dibimbing.id,neynadstrny
_fryxt,putra.ppm
azrraa._,ihzaa__a
dibimbing.id,neynadstrny
sandrinanur_,dewantinj
dhia.atthallah,dafahentra
seslmell_,fzkyh_
sandrinanur_,dewantinj
dhia.atthallah,dafahentra
seslmell_,fzkyh_
sesiliaal_,van.chaaa
sndynraulia,inrhanifah
busamsamarinda,borryyyyy
sesiliaal_,van.chaaa
sndynraulia,inrhanifah
busamsamarinda,borryyyyy
narendrals,sucishafiraa
langitshaka,berlianaptri02
epikhigh_ofc,nabilaavivah
narendrals,sucishafiraa
langitshaka,berlianaptri02
epikhigh_ofc,nabilaavivah
flip.education,swggyra
mhrnla_,a.nugrxha
fadilsiraj_,stevt__
flip.education,swggyra
mhrnla_,a.nugrxha
fadilsiraj_,stevt__
9gag,icaica___13
elynjayanti,ivocadou
alfsyhrii_,yeshaazhr
9gag,icaica___13
elynjayanti,ivocadou
alfsyhrii_,yeshaazhr
mka_alvino,tekad_minto123
rurunsabla,_litaaa08
indraprtma._,rusipah_
mka_alvino,tekad_minto123
rurunsabla,_litaaa08
indraprtma._,rusipah_
daffinrmdhn23,mayaa.andr
yovierfhtaa,ariniwulndari
adeliajfie,qt_913s__
daffinrmdhn23,mayaa.andr
yovierfhtaa,ariniwulndari
adeliajfie,qt_913s__
frstnra_,_natasyaha_
anugrah_wibowo112,muhammd.aldy
snianrftri_,billykusuma__
frstnra_,_natasyaha_
anugrah_wibowo112,muhammd.aldy
snianrftri_,billykusuma__
dhi.az,rakhac.p
meilaniegeofanni,dndaaim
alghozalizaa_,ocelly.n
dhi.az,rakhac.p
meilaniegeofanni,dndaaim
alghozalizaa_,ocelly.n
muammarzf,__enhqxx
divsya.a,kanjiindehausyo
aurorashopsmd,jualan.kumala
muammarzf,__enhqxx
divsya.a,kanjiindehausyo
aurorashopsmd,jualan.kumala
mhd.gilang,t8lai
selaolvia.pcy,ferdyyans__
jjsteak.id,khanzaalya27
mhd.gilang,t8lai
selaolvia.pcy,ferdyyans__
jjsteak.id,khanzaalya27
justkhyraaa_,alyanvni
ayina_22,muthiiaa.rna
sdgsummit.id,reaprllia
justkhyraaa_,alyanvni
ayina_22,muthiiaa.rna
sdgsummit.id,reaprllia
zaskyias,nabielmp
ohh_agim,davvyynn
lisaananda.rd,eyzzzo
zaskyias,nabielmp
ohh_agim,davvyynn
lisaananda.rd,eyzzzo
mohgg69,ramdaniaulfa
berryramadia,muhammad.algiiiii
pinasusantii,nnrannsa
mohgg69,ramdaniaulfa
berryramadia,muhammad.algiiiii
pinasusantii,nnrannsa
mktaa_,mzaidannur__
alyaarzky,koko_epribadeh
nadllaaptri,mrcyaa_
mktaa_,mzaidannur__
alyaarzky,koko_epribadeh
nadllaaptri,mrcyaa_
bellamlila,samuelmarsshall_
fauziayusrina,dumpsisiiy
angelika.knh,meigitasafitri_
bellamlila,samuelmarsshall_
fauziayusrina,dumpsisiiy
angelika.knh,meigitasafitri_
brlzz.us,lzaa.sn
diskondansale,ibnuhusain._
mzainprasetyo,rradiiv
brlzz.us,lzaa.sn
diskondansale,ibnuhusain._
mzainprasetyo,rradiiv
nndyarmdhni,langitshaka
go_samarinda1,alykakrnia
jstar_allallj,anandaputrifdlh
nndyarmdhni,langitshaka
go_samarinda1,alykakrnia
jstar_allallj,anandaputrifdlh
mido_ring,graceslla
mahesssyah,mhdhk1_
_auliyaputri0,isce_011
mido_ring,graceslla
mahesssyah,mhdhk1_
_auliyaputri0,isce_011
ktaviazh,fiqa.lz
xdiiyyy,fentyyln
dealls.jobs,hanarmdhnia_
ktaviazh,fiqa.lz
xdiiyyy,fentyyln
dealls.jobs,hanarmdhnia_
putra.ppm,elgia.cakra
ihzaa__a,rafleimuhammad
schoters,kumala._
putra.ppm,elgia.cakra
ihzaa__a,rafleimuhammad
schoters,kumala._
wegodevindonesia,chryldaaa_
bbwbooks_id,fnugrha_
shadowandbone,adeannisa
wegodevindonesia,chryldaaa_
bbwbooks_id,fnugrha_
shadowandbone,adeannisa
codingstudio.id,oohsbrna
neynadstrny,oohgita_
dewantinj,armeiinia
codingstudio.id,oohsbrna
neynadstrny,oohgita_
dewantinj,armeiinia
dafahentra,wisda_as
fzkyh_,ditoprstya_
arahpemuda,alyaarazan_
dafahentra,wisda_as
fzkyh_,ditoprstya_
arahpemuda,alyaarazan_
van.chaaa,ekamhrn48
borryyyyy,hnf_.45
sucishafiraa,arsya_tri
van.chaaa,ekamhrn48
borryyyyy,hnf_.45
sucishafiraa,arsya_tri
duniacoding,aishaamandaa
dicoding,alanismikhanov
kotakodelabs,gebisitumorang_
duniacoding,aishaamandaa
dicoding,alanismikhanov
kotakodelabs,gebisitumorang_
berlianaptri02,ciekazr
nabilaavivah,rahmaarsh_
swggyra,sadamfm_
berlianaptri02,ciekazr
nabilaavivah,rahmaarsh_
swggyra,sadamfm_
itb1920,fajrialadz
insidecoding,ariftrhmn_
sheascent,jessicachwr
itb1920,fajrialadz
insidecoding,ariftrhmn_
sheascent,jessicachwr
andrewkalaweit,theonesurroundsu
irenajemimaa,nayy.ynr
icaica___13,oktariaindi
andrewkalaweit,theonesurroundsu
irenajemimaa,nayy.ynr
icaica___13,oktariaindi
tekad_minto123,andnazma
_litaaa08,racheldaviina
najwashihab,selvinirmayaa
tekad_minto123,andnazma
_litaaa08,racheldaviina
najwashihab,selvinirmayaa
rusipah_,tntwi
mayaa.andr,diaanrzky
_natasyaha_,hani_._abc
rusipah_,tntwi
mayaa.andr,diaanrzky
_natasyaha_,hani_._abc
a.nugrxha,sultanreshar
muhammd.aldy,nurfebrianiii_
bengkelslide,rska_kaa_
a.nugrxha,sultanreshar
muhammd.aldy,nurfebrianiii_
bengkelslide,rska_kaa_
billykusuma__,christiimanalu
smartphonesamarinda,ark_mann_
rakhac.p,dinndaaaftmh
billykusuma__,christiimanalu
smartphonesamarinda,ark_mann_
rakhac.p,dinndaaaftmh
dndaaim,efan.ramdhani
kanjiindehausyo,azahara.__
jualan.kumala,irmasuryani156
dndaaim,efan.ramdhani
kanjiindehausyo,azahara.__
jualan.kumala,irmasuryani156
ferdyyans__,abil.hasan68
galangfariz_,auliawardni
khanzaalya27,vikaauly_
ferdyyans__,abil.hasan68
galangfariz_,auliawardni
khanzaalya27,vikaauly_
alyanvni,zaraaap22
muthiiaa.rna,devi_raissa
reaprllia,dilaarhn
alyanvni,zaraaap22
muthiiaa.rna,devi_raissa
reaprllia,dilaarhn
nabielmp,zwaawlyn
eyzzzo,luzfiana2302
ramdaniaulfa,m_lutfi14
nabielmp,zwaawlyn
eyzzzo,luzfiana2302
ramdaniaulfa,m_lutfi14
muhammad.algiiiii,kdy16kdy
nnrannsa,nayssfa
bb45kilogram,ridhoavza
muhammad.algiiiii,kdy16kdy
nnrannsa,nayssfa
bb45kilogram,ridhoavza
masukptn,selviwidiy
univ_indonesia,vikkiagustiniviliani_
arkanlazuard,its.vrnaazhriii
masukptn,selviwidiy
univ_indonesia,vikkiagustiniviliani_
arkanlazuard,its.vrnaazhriii
iswnd95_,vkagustinvliana13_
caramelstarla,ykeandiraa
koko_epribadeh,syxaidilalrajess
iswnd95_,vkagustinvliana13_
caramelstarla,ykeandiraa
koko_epribadeh,syxaidilalrajess
samuelmarsshall_,alwannurrahim19
mrcyaa_,zahwarmhanii
dumpsisiiy,sabnmlya
samuelmarsshall_,alwannurrahim19
mrcyaa_,zahwarmhanii
dumpsisiiy,sabnmlya
meigitasafitri_,mhmmaddava_
lzaa.sn,muhammadaldy842
rradiiv,fawwazaqr
meigitasafitri_,mhmmaddava_
lzaa.sn,muhammadaldy842
rradiiv,fawwazaqr
anandaputrifdlh,anandaputrifdlh_
alykakrnia,mhmmd_raditt
vikaauly_,girlyyndy
anandaputrifdlh,anandaputrifdlh_
alykakrnia,mhmmd_raditt
vikaauly_,girlyyndy
graceslla,tiara_meldiaputri
gita_indriani02,nsrrnaa_
roi__wijaya,virdamasayu
graceslla,tiara_meldiaputri
gita_indriani02,nsrrnaa_
roi__wijaya,virdamasayu
mhdhk1_,femi.hmd_
isce_011,dimacrnllia12
fiqa.lz,helwina_29
mhdhk1_,femi.hmd_
isce_011,dimacrnllia12
fiqa.lz,helwina_29
fentyyln,jeniiiamelia
onedirection,revavliza
stevt__,ahay.shela
fentyyln,jeniiiamelia
onedirection,revavliza
stevt__,ahay.shela
hanarmdhnia_,mdavidzfqn
elgia.cakra,muhammad_cnd
rafleimuhammad,pebriputriindrian
hanarmdhnia_,mdavidzfqn
elgia.cakra,muhammad_cnd
rafleimuhammad,pebriputriindrian
kumala._,fiqaalz
chryldaaa_,widyatriii_
fnugrha_,norftri_
kumala._,fiqaalz
chryldaaa_,widyatriii_
fnugrha_,norftri_
oohsbrna,thltzhr
adeannisa,denihidayat91
oohgita_,sbrnmlyn
oohsbrna,thltzhr
adeannisa,denihidayat91
oohgita_,sbrnmlyn
armeiinia,selenslvnyaa
wisda_as,nrmssnty17
ditoprstya_,mferxy_sapputra
armeiinia,selenslvnyaa
wisda_as,nrmssnty17
ditoprstya_,mferxy_sapputra
ekamhrn48,wahyunii67
arsya_tri,molexs8079
hnf_.45,aauliayaa_
ekamhrn48,wahyunii67
arsya_tri,molexs8079
hnf_.45,aauliayaa_
aishaamandaa,angsytnnisa_
alanismikhanov,mtsn2kukar
ciekazr,vebyy_
aishaamandaa,angsytnnisa_
alanismikhanov,mtsn2kukar
ciekazr,vebyy_
rahmaarsh_,jajanankoba
sadamfm_,_mthiarna
alyaarazan_,noviasyafitriii_
rahmaarsh_,jajanankoba
sadamfm_,_mthiarna
alyaarazan_,noviasyafitriii_
gebisitumorang_,muhammad.fauzi04
rizarfathur8,mohammed.6635
nandktr,mhmmd.bukhori067
gebisitumorang_,muhammad.fauzi04
rizarfathur8,mohammed.6635
nandktr,mhmmd.bukhori067
ariftrhmn_,miftah_farid77
fajrialadz,fngrl_.yeah
jessicachwr,divarnti_
ariftrhmn_,miftah_farid77
fajrialadz,fngrl_.yeah
jessicachwr,divarnti_
theonesurroundsu,khairazhr
oktariaindi,elsndaas
nayy.ynr,iqbalcheekye
theonesurroundsu,khairazhr
oktariaindi,elsndaas
nayy.ynr,iqbalcheekye
andnazma,raissandyjanice
racheldaviina,rosyid.ahmad_
tntwi,hafizahkh
andnazma,raissandyjanice
racheldaviina,rosyid.ahmad_
tntwi,hafizahkh
diaanrzky,lailatulalivia
hani_._abc,danielwss96
sultanreshar,iqbal.22
diaanrzky,lailatulalivia
hani_._abc,danielwss96
sultanreshar,iqbal.22
nurfebrianiii_,anisaparadila22
imeldaarizkyptrii,delia_azahra06
dinndaaaftmh,ramadaniandika2003
nurfebrianiii_,anisaparadila22
imeldaarizkyptrii,delia_azahra06
dinndaaaftmh,ramadaniandika2003
rska_kaa_,raudinaaaulia
christiimanalu,dwindhanp
ark_mann_,m.aldhialpianto
rska_kaa_,raudinaaaulia
christiimanalu,dwindhanp
ark_mann_,m.aldhialpianto
efan.ramdhani,auliyarsti
azahara.__,hmm05_
irmasuryani156,hlmhv_
efan.ramdhani,auliyarsti
azahara.__,hmm05_
irmasuryani156,hlmhv_
nrzqdiniyah,pops.bookstore
auliawardni,rizqirhh
smagasamarinda,nzrrhh
nrzqdiniyah,pops.bookstore
auliawardni,rizqirhh
smagasamarinda,nzrrhh
zaraaap22,rxzkf_
chlsssa,danfiktoriza
dilaarhn,fauziaysrnaa
zaraaap22,rxzkf_
chlsssa,danfiktoriza
dilaarhn,fauziaysrnaa
yuuzth,chandra_wijaya24
every__nn,_ributkuy
onedayxne,aswin_laqif
yuuzth,chandra_wijaya24
every__nn,_ributkuy
onedayxne,aswin_laqif
ummmmm_j.i,meldy_.n.h
rlo.ldl,mthiafti
bscenez,reanisn
ummmmm_j.i,meldy_.n.h
rlo.ldl,mthiafti
bscenez,reanisn
skuukzky,dian.wahyudi.129
zwaawlyn,herdyars_
luzfiana2302,arvinsanjaya_
skuukzky,dian.wahyudi.129
zwaawlyn,herdyars_
luzfiana2302,arvinsanjaya_
nayssfa,naisyaaaa
tonightshow_net,salwasaz
enzystoria,wafikaazzh
nayssfa,naisyaaaa
tonightshow_net,salwasaz
enzystoria,wafikaazzh
ridhoavza,tsyrhmaulia
selviwidiy,alakbar.___
vikkiagustiniviliani_,smvlkk17
ridhoavza,tsyrhmaulia
selviwidiy,alakbar.___
vikkiagustiniviliani_,smvlkk17
vkagustinvliana13_,naniik.r
ykeandiraa,fisahzy
syxaidilalrajess,liniokfiani
vkagustinvliana13_,naniik.r
ykeandiraa,fisahzy
syxaidilalrajess,liniokfiani
alwannurrahim19,miraapril__
zahwarmhanii,marianaulfah__
yeshaazhr,sz.sanjuuu
alwannurrahim19,miraapril__
zahwarmhanii,marianaulfah__
yeshaazhr,sz.sanjuuu
m_lutfi14,dilgoks
sabnmlya,nurainaanr_
mhmmaddava_,dindauliapr
m_lutfi14,dilgoks
sabnmlya,nurainaanr_
mhmmaddava_,dindauliapr
azaymediz_,natasya.ha
fawwazaqr,vedrasuryana
mhmmd_raditt,faqihabdll
azaymediz_,natasya.ha
fawwazaqr,vedrasuryana
mhmmd_raditt,faqihabdll
girlyyndy,riskisafitri_03
nsrrnaa_,xxnatz_aulia
virdamasayu,bisyrl
girlyyndy,riskisafitri_03
nsrrnaa_,xxnatz_aulia
virdamasayu,bisyrl
femi.hmd_,myudakevin
jeniiiamelia,milaniarmd
melynrsyh_,9beloved__
femi.hmd_,myudakevin
jeniiiamelia,milaniarmd
melynrsyh_,9beloved__
revavliza,dinitrna
_fthr.rhmn,wafik.azzh
fiqaalz,nzllaghd
revavliza,dinitrna
_fthr.rhmn,wafik.azzh
fiqaalz,nzllaghd
widyatriii_,el_sawndn
jinnixxnn,hersasft
faqihabdll,sadirarizza
widyatriii_,el_sawndn
jinnixxnn,hersasft
faqihabdll,sadirarizza
thltzhr,abdsalampthh
denihidayat91,julieey___
selenslvnyaa,mi.rrodr
thltzhr,abdsalampthh
denihidayat91,julieey___
selenslvnyaa,mi.rrodr
mferxy_sapputra,nadilamirdyanti_
wahyunii67,mavinaal
angsytnnisa_,rusnani_diva
mferxy_sapputra,nadilamirdyanti_
wahyunii67,mavinaal
angsytnnisa_,rusnani_diva
aauliayaa_,mutiaafnisa_
vebyy_,rizky_p2503
mtsn2kukar,sherlyamndaa_
aauliayaa_,mutiaafnisa_
vebyy_,rizky_p2503
mtsn2kukar,sherlyamndaa_
jajanankoba,nurlita_80
noviasyafitriii_,jakia_05
marsyjane,snyra.j
jajanankoba,nurlita_80
noviasyafitriii_,jakia_05
marsyjane,snyra.j
fathuurr_,daus546
divarnti_,mhmmdhersyah
khairazhr,nezaaa__
fathuurr_,daus546
divarnti_,mhmmdhersyah
khairazhr,nezaaa__
naufalfahrozi,roidhyl
kiranada_,vinalndr_
iqbalcheekye,muhammad_algi303
naufalfahrozi,roidhyl
kiranada_,vinalndr_
iqbalcheekye,muhammad_algi303
anisaparadila22,mrshatauraa
hafizahkh,zubair_lophatz
danielwss96,nrsshmkhr
anisaparadila22,mrshatauraa
hafizahkh,zubair_lophatz
danielwss96,nrsshmkhr
lailatulalivia,muhammad_jakpar
iqbal.22,nazwanrauliia
rosyid.ahmad_,intaannrs_
lailatulalivia,muhammad_jakpar
iqbal.22,nazwanrauliia
rosyid.ahmad_,intaannrs_
hmm05_,raaraaaaaaa_
raudinaaaulia,alvina.jj
amandamlnaff_,rusnani75
hmm05_,raaraaaaaaa_
raudinaaaulia,alvina.jj
amandamlnaff_,rusnani75
m.aldhialpianto,agiskazm
dwindhanp,knmoraaa
hlmhv_,dellaadsy
m.aldhialpianto,agiskazm
dwindhanp,knmoraaa
hlmhv_,dellaadsy
abil.hasan68,oktaviarmdhi
inrhanifah,windamhrni._
rxzkf_,_niaaaa3
abil.hasan68,oktaviarmdhi
inrhanifah,windamhrni._
rxzkf_,_niaaaa3
salwasaz,oliviafbryntii
rizqirhh,rusdi4853
natasya.ha,aziizahw
salwasaz,oliviafbryntii
rizqirhh,rusdi4853
natasya.ha,aziizahw
its.vrnaazhriii,najwajnus
davvyynn,alyanvni_
chandra_wijaya24,abdurrakehesa
its.vrnaazhriii,najwajnus
davvyynn,alyanvni_
chandra_wijaya24,abdurrakehesa
_ributkuy,lutfiahmskri
aswin_laqif,putrinafllh
mthiafti,mraidika1717_
_ributkuy,lutfiahmskri
aswin_laqif,putrinafllh
mthiafti,mraidika1717_
gfriendofficial,msynrrhn
herdyars_,_rf.hafifaaaa
arvinsanjaya_,regitaachyani_
gfriendofficial,msynrrhn
herdyars_,_rf.hafifaaaa
arvinsanjaya_,regitaachyani_
dian.wahyudi.129,zahwaslsa_
naisyaaaa,niyarahayu
delia_azahra06,annabilaam_
dian.wahyudi.129,zahwaslsa_
naisyaaaa,niyarahayu
delia_azahra06,annabilaam_
ibnuhusain._,shaidatul_islamiyah93
ali_raja4a,agitamilanda
wafikaazzh,nor_aynha
ibnuhusain._,shaidatul_islamiyah93
ali_raja4a,agitamilanda
wafikaazzh,nor_aynha
ana._putryyyyy,putri.fdhilah
alakbar.___,_nuriyanti
smvlkk17,13070.5213
ana._putryyyyy,putri.fdhilah
alakbar.___,_nuriyanti
smvlkk17,13070.5213
t8lai,msyputriii
fisahzy,fasyamnda
melda_melda30,nurulhaeji
t8lai,msyputriii
fisahzy,fasyamnda
melda_melda30,nurulhaeji
onialdaaz,ninditharetno
liniokfiani,revinaprlia
oktaviarmdhi,shandaaaaa_
onialdaaz,ninditharetno
liniokfiani,revinaprlia
oktaviarmdhi,shandaaaaa_
fauziaysrnaa,winda_mhrni
dilgoks,khalida27
info_kukar,mfahrirrizal
fauziaysrnaa,winda_mhrni
dilgoks,khalida27
info_kukar,mfahrirrizal
riinish,swtyslma
msyputriii,dinarlputri
ryan_nhyz,sveuna.id
riinish,swtyslma
msyputriii,dinarlputri
ryan_nhyz,sveuna.id
nurainaanr_,ouliahrtnti_
riskisafitri_03,snrindah_
muhammad_andep,angelinajhwaa_
nurainaanr_,ouliahrtnti_
riskisafitri_03,snrindah_
muhammad_andep,angelinajhwaa_
xxnatz_aulia,chlsssa
bisyrl,hnikmah85
mldrmdftri_,nrzqdiniyah
xxnatz_aulia,chlsssa
bisyrl,hnikmah85
mldrmdftri_,nrzqdiniyah
amandaamn_,dibataleu_
ptriagstnn,divatriiandini
dinitrna,iraalvina
amandaamn_,dibataleu_
ptriagstnn,divatriiandini
dinitrna,iraalvina
nzllaghd,
hersasft,
julieey___,
nzllaghd,
hersasft,
julieey___,
oliviafbryntii,
13070.5213,
_rf.hafifaaaa,
oliviafbryntii,
13070.5213,
_rf.hafifaaaa,
mi.rrodr,
danfiktoriza,
_sidzxx,
mi.rrodr,
danfiktoriza,
_sidzxx,
nadilamirdyanti_,
priiynd,
jakia_05,
nadilamirdyanti_,
priiynd,
jakia_05,
sherlyamndaa_,
sadirarizza,
roidhyl,
sherlyamndaa_,
sadirarizza,
roidhyl,
_nuriyanti,
fasyamnda,
tsyrhmaulia,
_nuriyanti,
fasyamnda,
tsyrhmaulia,
myudakevin,
snyra.j,
dellaadsy,
myudakevin,
snyra.j,
dellaadsy,
iraalvina,
bellazmr,
samarindaetam,
iraalvina,
bellazmr,
samarindaetam,
auliyarsti,
muhammad_jakpar,
zubair_lophatz,
auliyarsti,
muhammad_jakpar,
zubair_lophatz,
nrsshmkhr,
mzaidannur__,
ariniwulndari,
nrsshmkhr,
mzaidannur__,
ariniwulndari,
nazwanrauliia,
raaraaaaaaa_,
nzrrhh,
nazwanrauliia,
raaraaaaaaa_,
nzrrhh,
selvinirmayaa,
dindauliapr,
vinalndr_,
selvinirmayaa,
dindauliapr,
vinalndr_,
rusnani75,
agiskazm,
mrshatauraa,
rusnani75,
agiskazm,
mrshatauraa,
_niaaaa3,
windamhrni._,
putri.fdhilah,
_niaaaa3,
windamhrni._,
putri.fdhilah,
snrindah_,
intaannrs_,
knmoraaa,
snrindah_,
intaannrs_,
knmoraaa,
najwajnus,
abdurrakehesa,
miraapril__,
najwajnus,
abdurrakehesa,
miraapril__,
mraidika1717_,
lutfiahmskri,
putrinafllh,
mraidika1717_,
lutfiahmskri,
putrinafllh,
msynrrhn,
regitaachyani_,
zahwaslsa_,
msynrrhn,
regitaachyani_,
zahwaslsa_,
niyarahayu,
aziizahw,
annabilaam_,
niyarahayu,
aziizahw,
annabilaam_,
azzhhra_,
shaidatul_islamiyah93,
reanisn,
azzhhra_,
shaidatul_islamiyah93,
reanisn,
agitamilanda,
nor_aynha,
nurulhaeji,
agitamilanda,
nor_aynha,
nurulhaeji,
ninditharetno,
revinaprlia,
shandaaaaa_,
ninditharetno,
revinaprlia,
shandaaaaa_,
angelinajhwaa_,
devianisaoktvn28_,
khalida27,
angelinajhwaa_,
devianisaoktvn28_,
khalida27,
swtyslma,
devi_raissa,
anandaputrifdlh_,
swtyslma,
devi_raissa,
anandaputrifdlh_,
dinarlputri,
syarif_h.hs,
ouliahrtnti_,
dinarlputri,
syarif_h.hs,
ouliahrtnti_,
alvina.jj,
sveuna.id,
mfahrirrizal,
alvina.jj,
sveuna.id,
mfahrirrizal,
raissandyjanice,
hnikmah85,
divatriiandini,
raissandyjanice,
hnikmah85,
divatriiandini,
